{"version":1,"notes":"","documentation":"\"This file is a QMK Configurator export. You can import this at <https://config.qmk.fm>. It can also be used directly with QMK's source code.\n\nTo setup your QMK environment check out the tutorial: <https://docs.qmk.fm/#/newbs>\n\nYou can convert this file to a keymap.c using this command: `qmk json2c {keymap}`\n\nYou can compile this keymap using this command: `qmk compile {keymap}`\"\n","keyboard":"dztech/dz65rgb/v2","keymap":"dz65rgb_v2_edg","layout":"LAYOUT_65_ansi","layers":[["KC_GESC","KC_1","KC_2","KC_3","KC_4","KC_5","KC_6","KC_7","KC_8","KC_9","KC_0","KC_MINS","KC_EQL","KC_BSPC","KC_HOME","KC_TAB","KC_Q","KC_W","KC_E","KC_R","KC_T","KC_Y","KC_U","KC_I","KC_O","KC_P","KC_LBRC","KC_RBRC","KC_BSLS","KC_PGUP","KC_CAPS","KC_A","KC_S","KC_D","KC_F","KC_G","KC_H","KC_J","KC_K","KC_L","KC_SCLN","KC_QUOT","KC_ENT","KC_PGDN","KC_LSFT","KC_Z","KC_X","KC_C","KC_V","KC_B","KC_N","KC_M","KC_COMM","KC_DOT","KC_SLSH","KC_RSFT","KC_UP","KC_END","KC_LCTL","KC_LGUI","KC_LALT","KC_SPC","KC_APP","MO(1)","KC_RCTL","KC_LEFT","KC_DOWN","KC_RGHT"],["KC_GRV","KC_F1","KC_F2","KC_F3","KC_F4","KC_F5","KC_F6","KC_F7","KC_F8","KC_F9","KC_F10","KC_F11","KC_F12","KC_DEL","KC_HOME","KC_TRNS","RGB_TOG","RGB_MOD","RGB_HUI","RGB_HUD","RGB_SAI","RGB_SAD","RGB_VAI","KC_INS","RGB_VAD","KC_PSCR","KC_SLCK","KC_PAUS","RESET","KC_PGUP","LCTL_T(KC_CAPS)","RGB_SPI","RGB_SPD","KC_TRNS","KC_TRNS","KC_TRNS","KC_LEFT","KC_DOWN","KC_UP","KC_RGHT","KC_TRNS","KC_TRNS","EEP_RST","KC_PGDN","KC_LSFT","KC_TRNS","KC_TRNS","KC_TRNS","KC_TRNS","KC_TRNS","NK_TOGG","KC_TRNS","KC_TRNS","KC_TRNS","KC_TRNS","KC_WBAK","KC_VOLU","KC_MUTE","CL_SWAP","KC_TRNS","KC_TRNS","KC_WSCH","KC_TRNS","KC_TRNS","KC_TRNS","KC_MPRV","KC_VOLD","KC_MNXT"]],"author":""}